[
  {
    "feature":"weight",
    "pos":3,
    "neg":5,
    "pos_comments": ["it's so light"],
    "neg_comments": ["what's in this things? so heavy", "don't buy! too heavy"]
  },
  {
    "feature":"cost",
    "pos":10,
    "neg":2,
    "pos_comments": ["it's so cheap", "very affordable"],
    "neg_comments": ["I don't have 50 dollars"]
  },
  {
    "feature":"design",
    "pos":34,
    "neg":22,
    "pos_comments": ["it's so cheap", "very affordable"],
    "neg_comments": ["I don't have 50 dollars"]
  },
  {
    "feature":"signal",
    "pos":13,
    "neg":42,
    "pos_comments": ["it's so cheap", "very affordable"],
    "neg_comments": ["I don't have 50 dollars"]
  }
]