[
  {
    "feature":"weight",
    "pos":3,
    "neg":5,
    "pos_comments": ["it's so light"],
    "neg_comments": ["what's in this things? so heavy", "don't buy! too heavy"]
  },
  {
    "feature":"cost",
    "pos":10,
    "neg":2,
    "pos_comments": ["it's so cheap", "very affordable"],
    "neg_comments": ["I don't have 50 dollars"]
  },
  {
    "feature":"CPU",
    "pos":34,
    "neg":30,
    "pos_comments": ["it's so cheap", "very affordable"],
    "neg_comments": ["I don't have 50 dollars"]
  },
  {
    "feature":"screen",
    "pos":50,
    "neg":12,
    "pos_comments": ["so bright and colorful, love it!", "very affordable"],
    "neg_comments": ["I don't like shiny things.. so depressed.."]
  }
]